Portfolio,Mean,Std,Fin Wealth,Sharpe Ratio,Var 95%,Max DD
Nifty,1.074345916755881,5.031095506154211,2.7895246142054946,0.21354114932656393,6.071408477888394,-29.343919217321496
