Portfolio,Mean,Std,Fin Wealth,Sharpe Ratio,Var 95%,Max DD
Nifty,1.0638916862628633,6.100189566410746,1.661915157405259,0.17440305332820014,6.3547904701216416,-29.343919217321496
