Portfolio,Mean,Std,Fin Wealth,Sharpe Ratio,Var 95%,Max DD
Nifty,1.1023789231795362,5.031095506154211,2.8498318057722307,0.2191130980978334,6.071408477888394,-29.343919217321496
